{
    "state": {
        "left_arm": {
            "start": 0,
            "end": 7
        },
        "left_hand": {
            "start": 7,
            "end": 13
        },
        "left_leg": {
            "start": 13,
            "end": 19
        },
        "neck": {
            "start": 19,
            "end": 22
        },
        "right_arm": {
            "start": 22,
            "end": 29
        },
        "right_hand": {
            "start": 29,
            "end": 35
        },
        "right_leg": {
            "start": 35,
            "end": 41
        },
        "waist": {
            "start": 41,
            "end": 44
        }
    },
    "action": {
        "left_arm": {
            "start": 0,
            "end": 7
        },
        "left_hand": {
            "start": 7,
            "end": 13
        },
        "left_leg": {
            "start": 13,
            "end": 19
        },
        "neck": {
            "start": 19,
            "end": 22
        },
        "right_arm": {
            "start": 22,
            "end": 29
        },
        "right_hand": {
            "start": 29,
            "end": 35
        },
        "right_leg": {
            "start": 35,
            "end": 41
        },
        "waist": {
            "start": 41,
            "end": 44
        }
    },
    "video": {
        "ego_view": {
            "original_key": "observation.images.ego_view"
        }
    },
    "annotation": {
        "human.action.verb": {},
        "human.action.object": {},
        "human.action.start_location": {},
        "human.action.end_location": {},
        "human.action.hand": {},
        "human.action.rating": {},
        "human.action.failure_code": {},
        "human.action.remarks": {},
        "human.coarse_action": {},
        "human.fine_action": {},
        "human.validity": {}
    }
}