{
    "state": {
        "main_shoulder_pan": {
            "start": 0,
            "end": 1
        },
        "main_shoulder_lift": {
            "start": 1,
            "end": 2
        },
        "main_elbow_flex": {
            "start": 2,
            "end": 3
        },
        "main_wrist_flex": {
            "start": 3,
            "end": 4
        },
        "main_wrist_roll": {
            "start": 4,
            "end": 5
        },
        "main_gripper": {
            "start": 5,
            "end": 6
        }
    },
    "action": {
        "main_shoulder_pan": {
            "start": 0,
            "end": 1,
            "absolute": false
        },
        "main_shoulder_lift": {
            "start": 1,
            "end": 2,
            "absolute": false
        },
        "main_elbow_flex": {
            "start": 2,
            "end": 3,
            "absolute": false
        },
        "main_wrist_flex": {
            "start": 3,
            "end": 4,
            "absolute": false
        },
        "main_wrist_roll": {
            "start": 4,
            "end": 5,
            "absolute": false
        },
        "main_gripper": {
            "start": 5,
            "end": 6,
            "absolute": false
        }
    },
    "video": {
        "webcam": {
            "original_key": "observation.images.webcam"
        }
    },
    "annotation": {
        "human.task_description": {
            "original_key": "task_index"
        }
    }
}